user_id,kmeans_cluster,dbscan_cluster
134964,1,0
156807,0,1
174440,1,0
183670,1,0
66171,1,0
148510,0,0
17238,1,0
167209,1,0
194173,1,0
172891,1,0
96214,0,0
202166,1,0
202349,1,0
3456,1,0
57628,1,0
73826,1,0
39922,0,0
74714,1,0
93976,1,0
18018,1,0
109550,1,0
161096,0,0
167284,1,0
59367,0,0
80537,1,0
149095,1,0
29699,1,0
12208,1,0
194162,1,0
14700,1,0
136928,1,0
195877,0,0
99272,1,0
191535,1,0
21425,1,0
23933,1,0
33829,1,0
54141,0,0
70028,0,0
162218,1,0
37928,1,0
185420,1,0
98388,1,0
24305,1,0
132099,1,0
142458,1,0
190670,1,0
34239,1,0
142234,1,0
54374,0,0
41019,1,0
2342,0,0
171626,0,0
31773,0,0
67795,1,0
25416,1,0
122538,1,0
199224,1,0
96748,1,0
26226,1,0
70165,1,0
10951,0,0
34571,1,0
55983,1,0
64852,1,1
159057,1,0
71134,0,1
186044,1,0
27594,0,0
151837,1,0
137087,0,0
80875,1,0
120742,1,0
128608,1,0
184203,1,0
144086,1,0
108273,0,1
200701,1,0
64602,0,0
162393,1,0
157506,1,0
77503,1,0
39630,0,1
65730,0,0
135145,0,0
6216,1,0
186764,1,0
194025,1,0
93727,0,0
160132,1,0
99341,1,0
35662,1,0
119480,1,0
116926,1,0
158003,1,0
29916,1,0
11060,1,0
166695,0,0
42416,1,0
186480,1,0
148054,1,0
126250,1,0
59180,0,1
91668,0,1
167391,1,0
142625,0,0
40913,1,0
118297,1,0
46402,1,0
130245,1,0
144972,1,0
31259,1,0
167030,1,0
168721,1,0
34104,0,0
96058,0,0
143768,1,1
55035,0,0
98365,1,0
91908,1,0
105703,1,0
135548,0,0
101292,0,1
199705,1,0
108681,1,0
116255,1,0
143831,0,0
53579,1,0
114695,1,0
70778,1,0
67301,1,0
187689,1,0
158441,0,0
48801,1,0
158943,0,0
110844,0,0
155875,0,0
174923,1,0
186227,0,0
175139,1,0
139315,1,0
193104,0,1
61756,0,0
15060,1,0
111879,1,0
43872,0,0
44451,1,0
52751,1,0
83430,1,0
85954,0,0
113791,1,0
182455,0,0
159329,0,1
27730,0,0
46510,0,0
172793,1,0
202035,1,0
16196,1,0
151993,1,0
130599,1,0
63288,1,0
170884,0,0
174044,1,0
77662,0,0
125512,1,0
52048,1,0
64865,0,0
200021,1,1
131119,1,0
120541,0,1
13607,0,0
28439,1,0
5360,0,-1
48580,1,0
93908,1,0
195673,0,0
37467,1,0
51603,1,0
76863,1,0
49468,1,0
81506,0,1
169600,1,0
183971,1,0
170494,0,0
202434,1,0
195878,1,0
151277,0,0
171771,0,1
105881,1,0
121350,0,0
104366,1,0
5085,1,0
173605,0,0
20726,1,0
39831,1,0
185023,1,0
86228,0,0
60361,1,0
65561,1,0
85974,1,0
143314,1,0
129127,0,0
176040,0,0
132613,1,0
147541,1,0
3667,1,0
183334,0,0
18094,1,0
153471,1,1
94546,0,0
87878,1,0
40590,0,1
76698,1,0
155811,1,0
97537,1,0
159379,1,0
56223,1,0
37794,0,0
193112,0,0
176211,0,0
3770,1,0
93826,1,0
136146,1,0
29436,1,0
76673,1,0
60707,1,0
202313,0,0
105479,1,1
194466,1,0
157430,1,0
163101,1,0
171579,1,0
163085,0,1
185230,1,0
192932,1,0
186021,1,0
76989,0,1
183550,1,0
99767,0,0
42438,1,0
1246,1,0
87601,1,0
183838,1,0
26183,1,0
135521,1,0
11635,1,0
1241,1,0
144397,1,0
43694,0,0
110141,1,0
12191,1,0
27670,1,0
114787,1,0
165380,1,0
166348,1,0
116235,1,0
27791,1,0
28238,1,1
65597,0,0
144275,1,0
101989,1,0
140753,1,0
79570,1,1
30564,0,1
112446,1,0
77578,1,0
28543,1,0
29479,0,1
180849,1,0
96531,1,0
74582,1,0
160479,1,0
22459,1,0
23001,1,0
95349,1,0
69671,1,0
157861,1,0
140262,1,0
37460,1,0
166021,1,0
17806,0,0
90405,1,0
71936,1,0
74193,1,0
90815,0,1
31001,1,0
144119,0,0
168488,1,0
33386,1,0
158581,1,0
29552,1,0
88135,0,0
81346,0,0
92344,1,0
162439,1,0
26029,1,0
1503,1,0
163618,1,0
190463,0,1
69800,1,0
12239,1,0
118936,1,0
107645,1,0
160790,1,0
17911,1,0
187825,1,0
52649,0,0
41211,1,0
149284,0,0
188781,1,0
179640,0,1
51955,1,0
104189,1,0
22983,1,0
138248,0,1
49896,0,0
47484,1,0
161628,1,0
39509,1,0
18795,1,0
178971,1,0
73747,1,0
115153,1,0
170674,1,0
178630,1,0
180985,1,0
48206,0,0
800,1,0
123166,1,0
22517,1,0
173158,1,0
7991,1,0
134011,1,0
22869,1,0
30904,0,0
195172,1,0
56022,0,0
25715,1,1
139768,1,0
101302,0,0
27268,1,0
48767,0,1
148306,1,0
16137,1,0
7020,1,0
51003,1,0
30520,1,0
47522,1,0
105299,1,1
90787,1,0
110802,1,0
142872,1,0
31308,0,0
189187,1,0
82197,0,0
100685,1,0
107593,1,0
152931,0,1
79780,1,1
131916,1,0
173867,0,0
125715,1,0
43562,1,0
49116,1,0
11562,1,0
48094,1,0
56613,0,0
57278,1,0
35340,1,0
144019,1,0
104844,0,0
138345,1,0
191912,1,1
34873,1,0
145451,1,0
193074,1,0
131110,1,0
162312,0,0
145695,0,0
82857,1,0
101427,1,0
65946,0,0
31034,1,0
89636,1,0
111853,0,0
73968,0,0
96615,0,1
147309,1,0
2947,1,0
11485,1,0
7792,0,-1
65247,0,0
35250,0,0
143385,1,0
172702,1,0
19849,1,0
167308,0,0
175087,0,0
61399,1,0
160099,1,0
182851,1,0
170716,1,0
63718,0,-1
178899,1,0
68264,1,0
163110,1,0
58306,0,0
144456,1,0
45827,1,0
123799,0,0
18692,1,0
144697,1,0
157805,1,0
16315,1,0
3807,1,0
186859,1,0
2868,0,0
178298,1,0
133925,1,0
168005,1,0
119640,1,0
110120,1,0
101904,1,0
164908,0,0
139673,1,0
139853,1,0
1579,1,0
8656,1,0
204023,1,0
9321,0,-1
198180,0,0
76011,1,0
4189,1,0
180039,1,0
93453,0,0
25396,0,0
30752,0,0
98075,1,0
67308,0,0
14332,1,0
59478,1,0
150283,1,0
112847,1,0
65807,0,-1
136969,1,0
92060,1,0
88434,1,0
76198,1,0
7746,0,0
1122,0,0
200112,0,1
169032,0,0
115862,0,1
172621,1,1
137992,0,0
36585,0,0
168830,1,0
69199,0,0
69984,1,0
111921,1,0
166260,1,0
92994,1,0
32043,1,0
24106,1,0
100863,0,1
74974,0,0
47669,1,0
65939,1,0
142932,0,0
199989,1,0
203614,1,0
189089,0,1
151359,1,0
204086,1,1
107744,1,0
141585,1,0
46269,1,0
21089,0,0
10790,1,0
170822,1,0
195392,1,0
12951,1,0
122814,1,0
14821,0,0
66176,1,0
177830,0,0
69474,0,1
163969,0,0
53587,1,0
114984,1,0
34215,1,0
117368,1,0
76939,1,0
179133,0,0
66984,0,0
102346,1,0
124642,1,0
153910,1,0
61834,1,0
127577,1,0
197381,1,0
83890,1,0
106713,1,0
188413,0,1
75231,1,0
85887,1,0
108351,1,0
96854,1,0
193111,1,0
109700,0,0
161663,1,0
178144,1,0
30448,0,0
100116,1,0
157932,1,0
155216,1,0
50790,1,0
134204,1,0
63420,1,0
68510,0,0
201359,1,0
109906,0,0
199519,1,0
75787,1,0
85561,1,0
197162,1,0
41023,1,0
155154,1,0
187817,0,0
94111,0,0
140941,0,0
107607,1,0
142701,1,0
169084,1,0
149393,1,0
41380,1,0
96916,1,0
193879,0,0
82915,1,0
79638,1,0
105354,1,0
8037,1,0
117170,1,1
46749,0,0
161290,0,1
174649,1,0
2013,1,0
25721,1,0
45802,1,0
199280,1,0
186605,1,0
92896,0,0
27292,1,0
177940,1,0
175724,0,1
113032,1,0
97218,1,1
8154,1,0
73231,1,0
150959,1,0
122163,1,0
203266,1,0
151403,1,0
88447,1,0
27682,1,0
91885,1,0
9007,0,0
25870,1,1
126891,1,0
161002,1,1
184658,1,0
56008,1,0
76827,1,0
115286,1,0
32508,0,0
34514,0,0
122735,0,1
156462,0,0
195456,1,0
165230,1,0
68293,1,0
192906,1,0
39341,1,0
137986,0,1
70401,1,0
191063,0,0
81704,1,0
114143,0,0
95525,0,0
181765,1,1
26299,0,0
105579,1,0
167367,1,0
40574,1,0
113588,0,1
26033,1,0
45492,1,0
160364,0,0
122312,1,0
111717,0,0
197767,1,0
197127,1,0
133139,1,0
63989,1,0
64203,1,0
130986,0,1
35375,1,0
33397,1,0
118850,1,0
69645,1,0
67558,1,0
39663,1,0
146834,1,0
143986,0,-1
102665,0,0
179598,1,0
100773,1,0
94330,1,1
79747,1,0
152128,1,0
150255,1,0
158164,1,0
188236,0,0
73705,1,0
101625,1,0
49802,1,0
15957,1,0
198888,0,0
153422,0,0
137653,0,0
29959,1,0
165302,1,0
141251,0,1
125140,1,0
151453,0,0
18702,1,0
184360,1,0
178918,0,0
143628,1,0
7229,1,0
162921,1,0
47873,1,0
29570,1,0
118407,0,0
51269,1,0
76435,0,0
200394,0,1
66804,1,0
142284,1,0
22728,1,0
22664,1,0
187729,1,0
89170,1,0
140229,1,0
165704,0,0
71202,0,0
138330,1,0
100536,0,-1
167425,1,0
93860,1,0
94503,1,0
112717,1,0
94401,0,0
111550,0,1
153087,1,0
90028,1,0
152544,1,0
88011,1,0
69650,1,0
46330,1,0
86173,0,1
56950,0,0
54594,0,1
13131,0,0
113392,1,0
102288,0,-1
145553,1,0
98357,1,0
119953,1,0
105603,1,0
29659,1,0
29995,1,0
186753,1,0
66509,1,0
83633,1,0
137274,1,0
46184,1,0
122284,1,0
185341,1,0
181970,1,0
81951,1,0
113344,0,0
69905,1,0
226,1,0
81389,1,1
204312,0,0
155608,0,0
193451,0,0
158772,0,0
109812,1,1
109082,1,0
97665,1,0
153413,1,0
107585,1,0
102228,1,0
24173,1,0
23275,1,0
139124,0,1
187750,1,0
45515,1,0
79069,1,0
155468,1,0
132066,0,0
198690,1,0
22926,0,0
41752,0,0
203098,1,0
79585,1,0
85135,1,0
58621,1,0
96772,0,0
150126,0,0
98956,1,0
117437,1,0
67433,0,-1
15589,1,0
10988,1,0
156636,1,0
86627,0,1
18816,1,0
191025,1,0
182217,0,0
73313,1,0
202465,1,0
50024,1,0
39596,0,0
73696,0,0
183379,0,0
43675,1,0
7293,0,0
73636,0,0
128295,1,0
113121,0,0
75313,1,0
126918,1,0
128366,1,0
195289,0,0
92521,1,0
79152,1,0
67089,1,0
30952,1,0
86448,1,0
155320,1,0
196760,1,0
69437,1,0
130694,1,0
144175,1,0
199275,1,0
196002,1,0
173138,0,1
146119,1,0
160339,1,0
118470,1,0
119476,0,0
117193,1,0
192287,0,0
39218,1,0
25545,1,0
83915,1,0
36346,1,0
10461,1,0
188246,1,0
178460,1,0
157607,0,0
65871,1,1
171931,1,0
152537,1,0
4787,1,0
96878,0,0
164182,1,0
163059,1,0
173924,1,0
69929,1,0
156551,0,0
41117,0,0
146557,1,0
133398,1,0
131771,1,0
45595,1,1
156652,0,0
36310,1,0
98999,0,0
102468,1,0
180135,1,0
85454,0,0
19482,1,0
25136,1,0
31637,0,0
142517,1,0
22285,0,1
184625,1,0
13141,0,1
186260,1,1
127173,1,0
90020,1,0
154040,1,0
34021,1,0
115925,1,0
78360,0,1
28885,0,0
203259,1,0
8076,1,0
22322,1,0
156203,1,0
31067,1,0
111005,1,0
87925,0,0
138590,1,0
133088,1,0
127906,1,0
117472,1,0
97161,1,0
197533,1,0
118328,0,0
29227,0,0
191124,0,0
131909,1,0
71154,1,0
149409,1,0
126599,1,0
155950,1,0
84362,0,0
109979,1,0
178273,1,0
56698,1,0
128354,0,0
153593,1,0
46931,1,0
103288,1,0
20029,1,0
154837,0,1
123635,1,0
39586,0,0
47729,0,0
23524,1,0
90602,1,0
87958,1,0
106081,0,0
43904,0,0
35449,1,0
82357,1,0
164141,1,0
9095,1,0
68864,1,0
38683,0,1
147872,0,0
141937,1,0
41739,1,1
28345,1,0
164924,1,0
61895,1,0
164971,1,0
79089,1,0
31849,1,0
29216,0,0
159043,1,1
181350,1,0
171596,1,0
135041,1,0
104979,1,0
175742,1,0
183636,1,0
87145,1,0
55336,1,0
182215,0,0
78592,1,0
171603,1,0
62654,1,0
197919,1,0
122975,1,0
78677,0,-1
123503,1,0
144387,1,0
39327,1,0
41783,1,0
167046,1,0
46454,1,0
71517,1,0
74377,0,0
43989,1,0
122449,1,1
119677,1,0
199688,0,1
56904,1,0
86769,0,0
199163,1,0
168907,0,0
123464,1,0
180570,1,0
36110,1,0
112179,0,0
44345,0,0
174233,1,0
188360,1,0
48203,0,0
12670,1,0
46268,1,0
134473,1,0
92661,1,0
81347,1,0
99975,1,0
111261,1,0
119941,0,0
163874,1,0
180962,1,0
98204,1,0
89598,1,0
78979,1,0
89657,1,0
59963,1,0
59062,1,0
125863,1,0
165258,1,0
59894,1,0
55607,1,0
156469,0,0
138056,1,0
122557,1,1
75189,1,0
95738,1,0
118685,1,0
177851,1,0
127503,0,0
15962,0,0
203186,0,0
157671,1,0
51104,1,0
2565,0,0
112335,1,0
102332,0,0
156554,1,0
102409,1,0
50805,1,0
123042,1,0
129552,0,0
52465,1,0
45788,1,0
171983,1,0
167899,1,1
13107,1,0
6820,1,0
125205,0,0
45335,0,0
193550,1,0
154480,0,0
108401,0,1
93929,0,0
61884,1,0
158533,1,0
36369,1,0
193938,1,0
120709,1,0
160919,0,0
50791,1,0
188264,1,0
199752,1,0
71560,1,0
125239,1,0
92183,1,0
104021,1,0
184014,1,0
86208,0,0
102815,0,0
63293,1,0
139302,1,0
129294,0,0
144129,1,0
56364,1,1
131943,1,0
11547,1,1
179284,1,0
21024,1,0
196488,1,0
37227,1,0
7981,1,0
151906,1,1
145428,1,0
123992,0,0
115867,1,0
153139,0,0
66766,1,0
48480,1,0
156439,1,0
142415,1,0
195657,0,0
187724,1,0
41662,1,1
162473,1,0
77208,0,0
202169,1,0
79511,1,0
49413,0,0
90578,0,-1
81097,1,0
131547,1,0
175182,0,0
152807,0,1
201006,1,0
107179,1,0
167613,0,0
43934,0,-1
112026,0,-1
150812,1,0
119329,0,0
197857,1,0
139709,1,0
66079,1,0
89930,0,1
126994,1,0
107523,1,0
97318,1,1
58208,1,0
44995,1,0
12913,1,0
85959,1,0
28537,0,0
134892,1,0
122027,1,0
199532,1,0
109224,1,0
110737,1,0
88901,1,0
134243,0,0
203300,1,0
125586,1,0
32644,1,0
123592,0,0
88278,0,1
14776,1,0
168180,0,0
10888,1,0
14588,1,0
190937,1,0
3782,0,-1
69587,1,0
121710,1,0
108494,1,0
125432,1,0
92553,1,0
70118,1,0
79510,0,0
197520,1,0
10170,1,0
130809,1,0
161307,0,0
158894,1,1
49219,0,0
131095,1,0
143134,1,0
87348,0,0
104550,1,0
41477,1,0
196208,1,0
162902,1,0
66155,1,0
184938,1,0
196481,1,0
72289,1,0
186448,1,0
143989,1,0
178686,1,0
151012,1,0
14882,1,0
81935,1,0
28218,1,0
43220,0,0
59384,1,0
152992,1,0
90461,1,0
24575,0,0
89431,1,0
57071,0,1
134489,1,0
24170,1,0
179348,0,1
34229,1,0
80879,1,0
199306,1,0
113762,0,-1
168493,1,0
126824,0,1
120374,1,0
175232,0,0
81104,1,0
143948,1,0
102576,0,0
64475,0,0
58648,1,0
26277,1,0
163072,1,0
116875,1,0
50733,1,0
166524,1,0
93349,1,0
92179,1,0
206187,1,0
177337,1,0
18831,0,0
32186,0,0
155155,1,0
164894,1,0
34857,0,0
43190,1,1
99559,0,0
91685,1,0
56835,1,0
38077,1,0
183419,1,0
78387,0,0
168458,1,0
16166,1,0
119624,0,0
24681,1,0
191729,1,0
172955,1,0
11036,1,0
174194,1,0
41086,1,0
131306,0,0
52888,1,0
153069,1,0
190349,0,0
83080,1,0
55169,1,0
62871,0,0
15161,1,0
72615,1,0
174847,1,0
50198,0,0
187362,1,0
142741,1,0
116688,1,0
62325,1,0
12295,1,0
152877,0,1
148126,1,0
114856,1,0
11241,0,0
163506,0,0
146872,1,1
72668,0,1
172660,1,0
101296,1,0
128719,1,0
174683,0,-1
162754,1,0
19823,1,0
24014,1,0
173524,0,1
204375,0,0
55821,0,0
145338,1,0
92799,1,0
79671,1,0
116331,0,-1
79482,1,0
166538,1,0
56604,1,1
98257,1,1
169621,0,-1
30785,0,0
29098,1,0
86865,0,0
27550,1,0
146670,1,0
143647,1,0
170580,0,0
24146,1,0
17207,1,0
91305,1,0
83896,1,0
69511,1,0
70414,1,0
144935,0,0
181791,0,0
63384,1,0
27625,1,0
149482,1,0
62961,1,0
114966,0,0
60115,1,0
16928,1,0
108574,1,0
48890,0,-1
101094,1,0
125960,1,0
198157,0,0
203687,1,0
115415,0,0
193521,1,0
154274,0,0
140731,1,0
101557,1,0
33940,1,0
183695,1,0
174943,1,0
149747,1,0
92636,0,-1
194503,0,0
139829,0,1
69854,1,0
190416,1,0
76130,1,0
10124,1,0
2130,1,0
176055,1,0
107152,1,0
191916,1,0
96162,1,0
26993,0,0
145407,1,0
126455,0,0
154738,1,0
203540,1,0
108777,1,0
87959,1,0
85331,0,0
53482,1,0
652,1,0
41172,1,0
196088,0,0
16581,1,0
95091,1,0
153244,1,0
122638,1,0
4631,0,0
156395,1,0
198691,1,0
118490,1,0
200118,1,0
137402,0,0
63276,1,0
91163,0,0
117543,1,0
118013,1,0
1658,1,0
62876,1,0
146644,1,0
147626,1,0
9637,1,0
198729,1,0
12394,0,0
48610,1,0
30252,1,0
202343,1,0
183836,1,0
128305,1,0
159903,1,0
113458,1,0
82107,1,0
29244,1,0
37171,1,0
66754,1,0
81190,1,0
186739,0,0
125364,1,0
72547,0,0
191811,1,0
22519,0,-1
125836,1,0
4869,1,0
5412,1,0
66725,1,0
140020,1,0
79925,1,0
183849,1,0
165684,1,0
33611,1,0
75268,1,0
199664,1,0
88569,1,0
147650,1,0
120744,1,0
179548,1,0
119827,1,0
46071,1,0
9757,0,0
11689,1,0
28401,0,0
44285,0,1
73352,1,0
163259,1,0
87274,0,0
91318,1,0
173328,1,0
170687,1,0
205787,0,1
635,1,0
187558,1,0
90126,1,0
90652,0,1
70806,1,0
11344,1,0
15112,0,0
205794,1,0
89379,0,1
176152,1,0
160053,1,0
44217,1,0
10105,0,0
10542,0,0
102119,0,0
115432,1,0
109562,1,0
109161,1,0
74295,1,0
138638,1,0
188417,1,0
148063,1,0
126138,1,0
188839,0,0
148522,0,0
10783,1,0
76141,1,0
85714,1,0
164806,1,0
36,1,0
54014,1,0
191571,1,0
94745,1,0
46351,0,0
17493,1,0
132844,0,0
142031,1,0
169954,1,0
99707,0,-1
37393,1,0
22352,1,0
66150,1,0
150230,1,0
187029,1,0
101010,1,1
37708,1,0
108195,0,0
107592,0,-1
19832,1,0
47474,1,0
177129,1,0
92963,1,0
157084,1,0
199491,1,0
163329,1,0
154563,0,0
45441,1,0
19192,1,0
84519,1,0
149886,1,0
43107,1,0
108347,1,0
43906,1,0
79142,1,0
170962,1,0
91003,1,0
82854,0,0
11912,0,0
175790,1,0
64259,1,0
4069,1,0
84830,1,0
165552,0,0
162047,1,0
57229,1,0
66058,1,0
150532,1,1
180365,0,0
166866,0,1
91128,0,0
57645,1,0
133649,1,0
191767,1,0
166177,1,0
57561,1,0
1242,1,0
136594,1,0
59532,1,0
92748,1,0
162363,1,0
112915,1,0
106735,0,0
198839,1,0
194023,0,0
12016,0,1
196177,1,0
123307,1,0
48992,0,0
77929,1,0
175768,0,1
130654,1,0
126066,1,0
159424,1,0
25576,1,0
158276,1,0
440,1,0
98512,1,0
144242,0,0
65423,0,0
60710,1,0
120892,0,0
79415,1,0
187706,0,1
10570,1,0
4499,1,0
161209,0,0
166836,0,0
15765,1,0
188259,0,0
203463,0,0
154287,1,0
185491,0,0
150677,1,0
145905,1,0
144505,0,0
136245,1,0
197022,1,1
37210,1,0
145259,1,0
28547,1,0
13623,1,0
116377,1,0
127663,1,0
105330,1,0
12205,1,1
144535,1,0
136634,0,0
72703,0,0
119424,1,0
115550,0,0
31885,0,0
141162,1,0
194559,1,0
78567,1,0
179406,0,0
36603,1,0
34629,0,0
162488,0,0
63935,1,0
38617,1,0
14787,1,0
95862,1,0
80876,1,0
68306,1,0
133515,1,0
57130,0,-1
1617,1,0
76593,0,0
21221,0,0
129995,1,0
120671,1,0
99917,1,0
170280,0,1
84397,1,0
79381,1,0
120116,0,0
174041,1,0
171624,1,0
26395,1,0
123136,0,0
24486,1,0
22652,1,0
51894,0,0
202276,1,0
178339,1,0
134358,0,0
28191,1,0
150858,0,0
137410,0,1
51508,0,0
196526,1,0
70805,0,0
132712,1,0
7278,0,0
116427,1,0
35490,1,0
148233,1,1
204317,1,0
149546,0,0
17420,1,0
204681,1,0
13326,1,0
20712,1,0
142937,0,0
74350,1,1
187118,1,0
116251,1,0
202448,1,0
202775,0,0
196075,1,0
113169,1,0
196043,1,0
66143,0,0
102301,1,0
166908,1,0
5942,1,0
152166,1,0
203194,0,1
185082,0,1
140540,1,0
63914,0,0
44888,1,0
131626,1,0
98888,1,0
179792,1,0
186841,0,0
199625,1,0
111274,1,0
149844,1,0
35261,0,0
94388,0,1
142337,0,0
120108,1,0
53026,1,0
152707,1,0
72087,1,0
179806,1,0
50631,1,0
175913,1,0
67829,0,0
142521,1,0
149066,1,0
2312,1,0
5782,1,0
194914,0,0
107783,1,0
88513,1,0
4558,1,0
97539,1,0
205517,0,0
205228,1,0
773,1,0
24147,1,0
205102,1,0
164359,1,0
113757,1,0
188633,1,0
116843,1,0
119390,1,0
147765,0,1
166365,1,0
178842,1,0
23370,1,0
121409,1,0
134273,1,0
107494,1,0
95087,1,0
1237,0,0
71000,1,0
174065,0,0
18926,1,0
120863,1,0
79194,0,0
200367,1,0
110982,0,0
3002,1,0
54528,1,0
14695,1,0
64451,1,0
96532,1,0
24721,1,0
205801,0,0
79460,0,1
64287,1,0
90240,1,0
104932,1,0
74035,1,0
75362,1,0
128254,1,0
115985,1,0
170435,1,0
164717,1,0
132067,1,0
69596,1,0
99852,1,0
41155,1,0
53973,1,0
18664,1,0
10446,0,0
165667,1,0
179752,1,1
147226,1,0
56158,1,0
192795,1,1
56103,1,0
114602,1,0
144873,1,0
134142,1,0
182350,0,0
46838,0,1
201850,1,0
111612,1,0
51476,1,0
118789,1,0
190318,0,0
143009,1,0
119377,1,0
143244,1,0
128388,1,0
11511,0,0
188792,0,0
194012,0,0
91667,0,0
101505,1,0
24621,0,0
152042,1,0
36824,1,0
4629,1,0
13517,1,0
23753,1,0
64116,1,0
20993,1,0
154317,0,-1
27498,1,0
99885,1,0
146241,1,0
75124,1,0
198085,0,-1
139614,0,0
130825,0,0
181050,0,0
167797,1,0
18177,1,0
70426,1,0
101377,0,0
3321,1,0
25540,0,1
171255,0,0
117169,0,0
7358,1,0
142686,1,0
70851,1,0
53539,1,0
47617,1,0
113273,0,0
38752,1,0
188602,1,0
148230,0,1
56361,1,0
77930,1,0
63409,0,0
202229,1,0
135450,1,0
64392,1,0
156831,1,0
126186,1,0
5110,1,0
131512,0,0
4416,0,0
187572,1,0
68183,0,1
117145,1,0
156116,1,0
70838,1,1
26064,1,0
75038,1,0
111817,1,0
156762,1,0
136439,0,0
109627,1,0
90221,1,0
151339,1,0
14490,1,0
103737,1,0
173721,1,0
95949,1,0
54336,1,0
173759,1,0
21061,1,0
182658,1,0
158735,1,0
40125,1,0
190529,1,0
3060,1,0
199805,1,0
96183,1,0
59095,1,0
173339,1,0
72083,0,1
16734,1,0
18978,1,0
99221,0,0
125171,1,0
7144,1,0
71809,1,0
171850,0,1
51507,1,0
159152,1,0
180301,1,0
56677,1,0
181729,1,0
100013,1,0
15059,1,0
177710,1,0
81306,1,0
34076,1,0
170937,1,0
168883,0,1
39563,1,0
84156,1,0
138241,1,0
93182,1,0
46753,1,0
60443,1,0
36666,1,0
98303,1,0
24930,1,0
86219,0,-1
170542,1,0
109463,1,0
146718,1,0
12691,1,0
6709,1,0
45422,0,0
131500,1,1
57590,1,0
58806,0,0
113801,1,0
123878,1,0
186274,1,0
169629,0,0
47698,1,0
114439,1,1
101559,1,0
181265,0,0
83437,1,0
158098,1,0
18745,0,0
135494,0,0
21334,0,0
111683,1,0
39017,1,0
31972,0,0
11716,1,0
99701,1,0
185581,1,0
74452,1,0
122851,1,0
117260,1,0
88118,1,0
179827,1,0
183780,1,0
100142,0,-1
147469,1,0
34652,1,0
198496,1,0
111475,1,0
153264,1,1
50761,0,-1
141751,1,0
67055,1,0
4315,1,0
4166,0,0
171143,1,0
123002,1,0
173909,1,0
98923,0,1
35409,1,0
23470,1,0
73590,1,0
16024,1,0
52745,1,0
99741,1,0
52028,0,0
133889,1,0
94835,1,0
84985,1,0
166086,1,0
66937,0,0
137464,0,0
180019,1,0
18981,1,0
77702,1,0
36497,1,0
127336,1,0
72688,1,0
104910,1,0
153384,1,0
116655,1,0
41976,1,0
183844,1,0
174545,1,0
84803,1,0
105601,1,0
165810,0,0
145850,1,0
34012,1,0
4326,1,0
201034,1,0
84307,0,0
155078,1,0
189401,0,0
68425,1,1
153972,0,0
201869,1,0
181116,1,1
108191,1,1
30429,1,0
111664,1,1
130803,1,1
2609,1,0
79376,1,0
139779,1,0
45981,1,0
156815,1,0
98258,1,0
176477,1,0
52230,1,0
203650,0,0
87686,1,0
30695,1,0
168706,0,0
161477,0,0
1378,0,0
160818,1,0
48813,0,0
76907,1,0
126889,1,0
90166,1,0
154286,1,0
41588,1,0
191191,1,0
60051,1,0
101937,1,0
185516,0,0
61105,0,0
108532,0,0
96408,0,-1
55731,1,0
147342,0,0
73456,0,0
113911,1,0
55978,1,0
99416,1,0
188841,1,0
26113,1,0
108790,0,0
204314,1,0
173344,1,0
196055,1,0
153996,1,0
55074,1,0
106103,1,0
75364,1,0
145528,1,0
102415,1,0
57576,0,1
102797,1,0
187637,1,0
174778,1,0
136173,1,0
108097,1,0
159788,0,0
108309,1,0
53355,1,0
61615,1,0
60750,1,0
203455,1,0
157318,1,0
114627,1,0
39021,1,0
83869,1,0
184607,0,0
185820,1,0
52906,1,0
50649,1,0
89235,0,0
115912,1,0
145084,1,0
77103,1,0
25747,1,0
94911,1,0
29724,1,0
22466,1,0
205107,1,0
36992,1,0
141888,1,0
51694,1,0
118704,0,0
124888,1,0
42910,1,0
190516,1,1
149398,1,0
90856,1,0
56265,1,0
144116,1,0
71755,1,0
167726,1,0
108163,1,0
106453,1,0
170711,1,0
43295,0,0
5408,1,0
149150,1,0
25793,1,0
179526,0,1
143878,1,0
43867,1,0
170228,1,0
144582,1,0
139004,1,0
69862,1,0
113732,1,0
123765,0,-1
57523,1,0
13161,0,0
194964,1,0
78672,1,0
20687,1,0
126617,1,0
34858,0,1
43022,1,0
12886,0,1
62205,1,1
167040,1,0
124020,1,0
198251,0,0
77718,1,0
84919,0,0
8926,1,0
34040,1,0
82464,1,0
163919,1,0
12640,1,0
3459,0,0
134465,0,-1
75005,1,0
7236,1,0
93734,1,0
70322,1,0
156989,1,0
184992,1,0
110853,1,0
47811,1,0
78474,1,0
33334,0,0
177097,1,0
90777,1,0
145674,0,0
115945,1,0
10518,0,0
32380,1,0
199959,1,0
83847,1,0
204401,1,0
178546,0,0
36614,1,0
99981,1,0
124687,1,0
180414,0,0
121347,1,0
74680,0,0
37187,1,0
128523,1,0
123615,1,0
177661,1,0
88248,1,0
192692,1,0
54312,1,0
33526,1,0
24258,1,0
143198,1,0
140919,1,1
118330,1,0
74642,0,-1
53694,1,0
63687,1,0
521,1,0
206207,1,0
100165,0,-1
30439,1,0
154895,1,0
15592,1,0
9380,1,0
157616,1,1
199808,1,0
93212,1,0
148085,0,0
23372,0,0
143036,1,1
114804,1,0
4111,1,0
51425,1,0
201724,1,0
65121,1,0
115773,1,0
202373,1,0
73283,0,1
75725,1,0
110146,0,0
6246,1,0
105480,1,0
129958,0,0
130556,1,0
17538,1,0
64069,1,0
142585,1,0
199539,1,0
37236,1,0
95403,0,0
108092,1,0
14709,1,0
205173,1,0
148270,1,0
91181,1,0
137716,0,0
107882,0,0
21823,1,0
84433,1,0
206084,1,0
30959,1,0
11650,1,0
80160,0,0
158524,0,1
178562,1,0
3804,1,0
107244,1,0
104052,0,0
163067,1,0
678,0,0
70651,1,1
184924,1,0
133810,0,1
126382,1,0
157492,1,0
49597,1,0
139740,0,0
124375,0,0
180342,0,0
88415,1,0
8022,1,0
24065,0,-1
135004,0,0
44859,1,0
60562,1,0
108199,1,0
57344,1,0
110263,1,0
7903,0,0
144945,1,0
64637,0,0
196307,1,0
4793,1,0
102841,1,0
179516,1,0
118335,0,0
40754,1,0
52101,0,0
179560,1,0
142524,1,0
87338,1,0
119835,0,0
4730,1,0
3417,1,0
172432,1,0
175980,0,0
152102,1,0
24079,1,0
67727,1,1
66148,1,0
81332,1,0
98963,1,0
172780,1,0
142187,1,0
109268,1,0
179408,1,0
129791,1,0
171563,1,0
97133,1,0
84464,1,0
76809,1,0
41026,0,1
167671,1,0
101962,0,0
86304,1,0
128735,1,0
181687,1,0
161549,0,0
50199,0,0
188222,1,0
19029,1,0
86521,0,0
184501,1,0
114413,1,0
94792,1,0
2604,0,0
181787,1,0
134286,1,0
62988,1,0
85757,0,0
134907,1,0
48384,0,0
184628,1,0
39836,0,0
28775,1,0
53491,1,0
189319,0,0
17886,0,1
57725,1,0
47233,1,0
14459,1,0
69160,1,0
130036,1,0
166902,1,0
85219,0,0
73171,0,0
34620,1,0
66439,0,0
109171,1,0
67607,1,0
203143,1,0
87735,1,0
46163,0,1
143177,1,0
81528,0,0
40806,0,0
9159,0,0
127584,0,0
95761,0,0
181360,1,0
58965,0,0
46054,1,0
50683,1,0
17856,1,0
189258,0,0
164360,1,0
46705,1,0
127433,1,0
134968,1,0
5045,1,0
122457,1,0
145127,0,0
90629,1,0
100523,1,0
71085,1,1
169259,1,0
28186,1,0
89415,1,0
33452,0,0
203811,1,0
186231,1,0
161873,1,0
190599,1,1
105217,0,0
62545,1,0
133367,1,0
15170,1,0
56977,1,0
140525,1,0
200807,1,0
171820,1,0
55402,0,1
158412,1,0
160997,1,0
184017,1,0
67140,1,0
36506,1,0
144651,1,0
111122,1,0
41789,0,0
200008,1,0
178520,1,0
48970,1,0
160612,1,0
129963,1,0
118656,1,0
88719,0,0
158626,0,0
36740,1,0
202736,1,0
54797,1,0
1753,1,0
88743,1,0
1202,1,0
184695,0,0
47270,1,0
40296,1,0
135103,1,0
151995,1,0
91205,0,0
16600,1,0
13,1,0
49299,0,0
85003,1,0
86003,1,0
123859,1,0
204571,1,0
44262,1,0
190294,1,0
191715,1,0
119121,0,0
185677,1,0
33780,1,0
179842,1,0
91032,1,0
77917,1,0
36667,1,0
164531,1,0
126635,1,0
43147,1,0
131798,1,0
70268,1,0
58930,1,0
88716,1,0
109980,0,0
18098,1,0
173079,0,1
156505,0,-1
169326,1,0
90632,1,0
16401,0,0
60671,0,0
24213,0,0
55802,0,0
16615,1,0
32288,1,0
48830,1,0
68249,1,0
59542,1,0
202392,1,0
128246,0,0
177827,1,0
116261,1,0
174680,1,1
186155,0,0
156422,0,0
111128,0,0
51680,1,0
143216,1,0
113928,0,0
181630,1,0
141382,1,0
203557,0,0
142576,1,0
77090,0,0
32597,1,0
131868,0,0
67299,1,0
106907,1,0
169384,1,0
107620,1,0
204069,0,1
205151,1,0
45782,1,0
96817,1,1
42701,1,0
103040,1,0
196209,1,0
154107,1,0
87152,0,1
154027,1,0
163175,0,0
67315,1,0
87030,1,0
185804,1,0
44961,1,0
166728,0,0
58491,1,0
48900,1,0
145676,1,0
18130,1,0
73346,0,0
156408,1,0
134805,1,0
92205,1,0
198191,1,0
66961,1,0
102295,1,0
114268,0,0
99055,1,0
84997,0,0
100827,1,0
26708,1,0
125313,1,0
62760,1,0
83923,1,0
22108,1,0
54001,0,1
175744,1,0
92998,0,0
22698,0,0
56815,0,0
128727,1,0
188715,1,0
13681,0,0
129131,1,0
119290,0,1
49495,0,0
153222,1,0
54886,0,0
78598,0,0
54235,0,1
15032,1,0
65777,1,0
151386,1,0
45472,1,0
71942,1,0
108932,0,0
157855,0,0
29163,1,0
143363,1,0
69283,1,0
154926,1,0
7701,0,1
88722,0,0
101014,1,0
31957,0,0
149665,0,0
14773,1,0
134730,0,1
175491,0,0
74753,1,0
161441,1,0
196185,0,0
63633,0,0
181134,1,0
45661,1,0
36538,1,0
137095,1,0
106187,1,0
10696,1,0
8999,1,0
166191,1,0
3326,1,0
88375,1,0
11852,0,-1
39115,1,0
52372,1,0
63567,1,0
129386,1,0
162920,1,0
163100,1,0
34933,0,0
176886,0,0
32724,1,0
3599,1,0
30716,0,0
35198,1,0
33650,1,0
97321,0,0
166102,1,0
50929,0,0
114709,1,0
116387,1,0
199963,1,0
204099,1,1
5721,1,0
114708,1,0
102020,0,0
126540,1,0
66600,1,0
126933,1,0
190389,1,0
54587,1,0
108726,0,1
179624,1,0
63294,1,0
77343,0,0
55668,1,0
8068,1,0
34037,0,0
38495,0,1
64068,1,0
56927,1,0
187684,1,0
50109,1,0
105768,1,0
66090,0,0
6688,1,0
59640,1,0
134202,1,0
119643,1,0
121390,1,0
4344,1,0
138259,1,0
61498,0,0
115957,1,0
198770,1,0
197996,1,0
57399,1,0
59403,1,0
138857,0,0
173501,1,0
39068,0,0
51967,1,0
155567,1,0
156169,1,0
139923,1,0
185441,1,0
198106,0,0
15356,1,0
45501,1,0
4971,0,0
65927,1,0
109905,1,0
197900,0,0
90169,1,0
46248,1,0
152098,0,0
36811,1,0
173861,0,0
58384,1,0
3990,0,0
169380,0,0
116676,1,0
147801,1,0
129824,1,0
193268,0,0
145385,0,0
55379,0,0
173624,1,0
108396,1,0
139495,0,0
10126,1,0
108819,1,0
26602,0,0
162860,0,0
98588,1,0
142481,0,0
104441,0,1
42117,0,0
17740,1,1
4216,1,0
94411,1,0
184879,1,0
24882,1,0
90138,1,0
61425,1,0
110198,1,0
136229,1,0
37662,1,0
182179,0,1
89283,0,0
88362,0,0
180583,1,1
186444,1,0
179653,1,0
126413,1,0
164479,1,0
45911,1,0
118092,1,0
94509,1,0
74449,1,0
141434,0,1
150371,1,0
140380,1,0
35274,1,0
138113,0,0
1103,1,0
1976,1,0
182561,1,1
127125,1,0
163200,1,0
111344,1,0
15857,0,0
72134,1,0
28710,0,0
98631,1,0
149401,1,0
593,1,0
31935,1,0
155891,0,0
201572,1,0
29151,0,1
142020,1,0
99610,0,0
23162,1,0
16874,1,0
45830,1,0
115162,0,1
182105,1,0
169248,1,0
12102,0,-1
96210,0,1
24576,1,0
131093,0,-1
6832,1,0
91800,0,0
186836,1,1
97102,1,0
197006,0,0
34893,0,0
187188,1,0
3040,1,0
86810,1,0
182325,1,0
101579,1,0
160118,1,0
154405,1,0
34256,1,0
4789,0,1
150717,1,0
165201,1,0
184284,1,0
117941,0,0
69696,0,0
31182,0,0
95549,1,0
79205,1,0
63056,1,0
104921,1,0
99071,1,0
33343,0,0
19389,1,0
97169,1,0
113397,1,0
89232,1,0
81018,0,0
21192,1,0
54323,1,0
107569,1,0
64006,1,0
93974,1,0
205684,1,0
172959,1,0
129211,1,0
155773,1,0
196912,1,0
178236,1,0
33253,0,0
173946,0,0
186000,1,0
15556,0,0
109214,1,0
123711,1,0
94572,1,0
104133,1,0
25559,1,0
33055,1,0
107430,1,0
157419,1,0
112111,0,0
72856,0,0
18984,1,0
104111,0,0
195229,1,0
86912,0,0
95646,1,0
133837,1,0
103546,0,0
96081,1,0
185562,0,0
127487,1,0
45175,0,0
68500,0,0
201845,1,0
77836,1,0
156511,1,0
157295,1,0
22506,1,0
14579,1,0
86142,0,0
113831,0,1
156964,0,-1
185591,1,0
18688,1,0
54379,0,0
158796,1,0
59959,1,1
161517,1,0
174652,1,0
96669,1,0
28415,1,0
149567,0,1
2590,1,0
161106,1,0
155022,0,1
88154,1,0
147507,1,0
169586,0,-1
163696,0,0
29138,0,0
44543,1,0
63643,1,0
105973,1,0
57522,1,0
127784,1,0
28486,0,1
112897,1,0
119028,0,0
23332,1,0
161886,1,0
22035,0,0
80445,0,0
165844,1,0
124838,1,0
182530,0,1
42474,1,0
188272,1,0
104462,1,0
156449,1,0
55667,1,0
180397,1,0
152310,1,0
107066,0,0
196573,1,0
12010,0,1
87078,1,0
157954,1,0
186693,1,0
33555,1,0
42431,0,0
122590,1,0
19868,1,0
188346,1,0
191199,1,0
31770,1,0
178145,1,0
135036,1,0
32652,1,0
164319,0,0
181385,1,0
54238,1,0
106092,1,0
50436,1,0
111322,0,0
204040,1,0
79454,1,0
77626,1,0
205543,1,0
13019,1,0
120938,0,0
26030,0,1
76173,0,0
164779,1,0
126419,1,0
110282,1,0
60057,1,0
1767,1,0
34303,0,0
17000,1,0
144611,1,0
136632,0,0
14473,1,0
100101,1,1
25321,0,0
160363,1,0
18632,1,0
176228,1,0
203490,1,0
39648,0,0
86849,1,0
199432,1,0
6417,1,0
139632,1,0
62287,1,0
3962,1,1
84792,1,0
63428,1,0
79812,1,0
93266,1,0
68579,1,0
132519,0,0
174206,1,0
89088,1,0
141137,1,0
7465,1,0
11323,1,0
167700,1,0
160502,1,0
145253,1,0
43783,1,0
47296,1,0
138679,1,0
200427,1,0
91957,1,0
193602,0,0
37452,1,0
162137,0,0
171301,1,0
129906,1,0
146023,1,0
149645,0,0
62260,1,0
58707,1,0
178503,0,0
185852,1,0
16032,0,0
10712,1,0
89713,1,0
75858,1,0
37042,1,0
147067,1,0
118070,1,0
179379,0,0
27944,1,0
5286,1,0
22068,1,0
5937,1,0
89125,1,1
69138,1,0
99223,1,0
86736,1,0
22937,1,0
124636,1,0
58615,0,0
114452,1,0
73342,1,0
199005,0,1
96956,1,0
7114,1,0
67337,1,0
14373,1,0
71151,1,0
121703,1,0
93816,1,0
121233,1,0
192073,0,-1
18432,1,0
74662,0,0
138537,1,0
113995,1,0
159394,1,0
14172,1,0
4645,1,0
161724,0,1
17383,1,0
15160,1,0
137637,0,0
48466,1,0
117961,1,0
16954,1,0
109170,1,0
33826,1,0
7608,1,0
150747,1,0
115371,1,0
17096,1,0
190184,1,0
84162,1,0
88133,0,1
138549,1,0
137343,0,0
151667,1,0
204778,1,0
149276,1,1
173603,1,0
197781,1,0
74086,1,0
147164,1,0
28054,0,0
80753,0,0
53855,1,0
129247,1,1
12710,0,0
142586,0,0
98714,1,0
25834,0,0
172642,0,-1
33447,1,0
141238,1,0
91717,1,0
39488,1,0
126625,0,1
67886,1,0
26890,1,0
396,0,0
32490,1,0
150690,1,0
50730,1,0
181910,1,0
132668,1,0
76986,0,0
138640,1,0
34721,1,0
150701,0,0
135596,1,0
45527,0,0
32107,1,0
127532,1,0
112678,1,0
70379,0,0
103469,1,0
57654,1,0
142950,1,0
172345,1,0
98081,0,1
81183,0,1
20197,1,0
125010,1,0
46070,1,0
179333,1,0
44070,1,0
40929,1,0
100900,1,0
14955,1,0
199969,1,1
191528,1,0
186597,1,0
102083,0,0
64421,1,0
150357,1,0
86844,1,0
34362,1,0
162992,0,-1
1873,1,0
2225,1,0
185884,1,0
49355,0,0
113329,1,0
66005,0,1
82148,0,0
84983,1,0
183871,1,0
147854,1,0
61312,0,0
175734,1,0
37507,1,0
3481,1,0
46527,1,0
102127,1,0
28820,1,0
54307,1,0
119505,1,0
154697,1,1
158167,1,0
40556,0,1
141918,1,0
59773,1,0
129081,1,0
179886,1,0
70011,0,0
186986,1,0
16992,1,0
110085,1,0
174451,0,0
118350,0,0
75191,1,1
117118,1,0
127811,1,0
158376,1,0
150651,1,0
148175,1,0
141290,1,0
122414,1,0
11111,1,0
138540,1,0
26693,1,0
7440,1,0
101800,1,0
204322,1,0
203404,0,0
181402,0,0
85831,1,0
31998,1,0
167438,1,0
85709,1,0
31719,1,0
89159,1,0
183736,1,0
48160,1,0
137771,1,1
73542,0,1
62799,0,0
4376,0,0
104598,1,0
117095,1,0
49001,1,0
118603,1,0
187288,0,0
100048,1,0
151935,1,0
67362,1,0
18270,1,0
108327,1,0
150360,1,0
161446,1,0
170451,1,0
63869,0,0
4937,1,0
100911,1,0
86227,1,0
58043,0,-1
90357,1,0
27671,1,0
88397,1,0
97016,0,1
28798,1,0
186623,1,0
28957,0,0
4531,1,0
20342,1,0
73127,1,0
131239,1,0
133826,1,0
125780,1,0
122298,1,0
37108,1,0
16370,1,0
165294,0,-1
113886,0,0
1487,1,1
152300,1,0
179756,1,0
179651,1,0
109534,0,0
198205,1,0
46866,0,0
33904,1,0
116401,0,0
161208,1,0
37560,1,0
62725,0,0
70977,0,0
77115,1,0
39460,0,1
134330,1,0
78644,1,0
3387,1,0
147458,0,0
204039,1,0
195928,0,0
150409,1,0
60711,1,1
106367,1,0
103026,1,0
121857,1,0
41333,0,0
144906,1,0
21211,1,0
119473,1,0
117789,1,0
113025,1,0
47844,1,0
145686,0,0
183972,1,0
150739,0,-1
117289,1,0
99420,0,0
204108,1,0
189220,1,0
129258,1,0
6405,0,0
204486,1,0
15147,1,0
202658,1,0
172607,0,0
113328,0,0
76725,0,-1
77589,0,1
145217,1,0
83009,1,0
5629,1,0
32385,1,0
55756,0,0
80682,1,0
135379,1,0
72465,1,0
57633,1,0
23644,1,1
44983,0,0
46019,1,0
141462,1,0
155441,0,0
50174,1,0
96295,0,0
89727,0,0
51123,1,0
91105,0,0
176738,1,0
77447,0,0
105002,1,0
64751,1,0
162980,1,0
158523,1,0
197799,0,0
65700,1,0
85314,1,0
98673,1,0
131138,1,0
78935,1,0
171712,1,0
170539,0,1
120470,0,0
174966,1,0
95513,0,-1
165192,1,0
156724,0,0
33200,1,0
59364,0,0
127244,0,0
42902,1,0
112817,1,0
54781,1,0
160559,1,0
166460,1,0
38366,1,0
82581,1,0
142664,1,0
80536,1,0
154418,1,0
149012,0,0
159909,1,0
172866,1,0
68257,0,0
40925,1,0
123292,0,1
25149,0,0
42307,0,0
70055,1,0
37732,1,0
12739,0,0
54708,1,0
117381,1,0
20275,0,0
81372,1,0
190502,1,0
132666,1,0
46566,1,0
38948,0,0
156913,1,0
125152,1,0
22836,1,0
67639,1,0
48052,1,0
57582,1,0
150784,1,0
45258,1,0
149862,1,0
44639,1,0
38668,1,0
130567,1,0
172140,1,0
68036,1,0
49605,1,0
179606,0,0
117265,1,0
107888,1,0
80146,1,0
74508,1,0
109343,1,0
6803,1,0
40548,1,0
126619,0,0
176622,0,0
86704,0,0
113225,1,0
95335,1,0
133886,1,0
152365,1,0
206045,1,0
173886,1,0
179774,1,0
15981,0,0
2086,1,0
90219,1,0
114994,0,0
182942,1,0
165671,1,0
139371,1,0
103863,1,0
34350,1,0
182463,1,0
86379,0,-1
57877,1,0
132877,1,0
12324,1,0
9026,1,0
139611,1,0
72855,1,0
89333,1,0
451,1,0
5326,1,0
158202,1,0
117589,1,0
143752,1,0
191280,1,0
63177,0,0
122266,1,0
92426,1,0
108087,1,0
90776,1,0
159480,1,0
102380,1,0
14873,0,-1
19186,1,0
183117,1,0
47006,0,0
103388,1,0
150873,1,0
73634,1,0
93364,1,0
18607,1,0
16165,1,0
182778,0,1
89989,1,0
23630,1,0
55368,1,0
155985,0,0
15234,1,0
98125,1,0
140348,0,0
98859,0,0
187747,1,0
160381,1,0
61648,1,0
136448,1,0
49486,1,0
3562,1,0
12496,0,0
163795,1,0
176896,1,0
96017,1,0
74511,1,0
25517,0,1
126256,0,-1
179529,0,0
139651,1,0
17896,0,1
199630,1,0
81772,1,0
46521,1,0
61616,1,0
118,1,0
106776,1,0
199885,1,0
140330,1,0
160904,1,0
69114,1,0
186236,1,1
116739,1,0
107398,1,0
107659,1,0
117300,1,0
120168,1,0
137989,1,0
39147,1,0
11319,1,0
120777,1,0
35158,1,0
189402,0,0
81566,1,0
120605,1,0
119307,0,0
140601,1,0
160441,1,0
204944,1,0
127072,1,0
189838,1,0
8129,1,0
13444,1,0
152821,1,0
69919,1,0
193488,1,0
60174,0,0
199817,1,0
121192,0,0
61321,0,0
203575,1,0
36271,1,0
162652,1,0
42147,1,0
192507,1,0
189737,1,0
71368,1,0
8875,1,0
66149,1,0
149976,1,0
14737,1,0
185953,1,0
46546,1,0
43365,0,1
203264,1,0
76470,0,0
91926,0,0
171358,0,0
50084,1,0
79232,0,1
107983,0,0
137730,0,0
28150,1,0
57609,0,1
102403,1,1
55404,1,0
162423,0,0
198354,1,0
133077,1,0
90344,1,0
28945,0,0
20383,0,1
95553,0,1
61516,0,1
38879,1,0
100768,1,0
88377,0,0
3192,1,0
109003,1,0
183175,1,0
80981,0,0
187853,0,1
181225,0,0
4061,1,0
129196,0,1
100298,1,0
17450,1,0
76962,1,0
109180,1,0
131924,1,0
77155,1,0
171519,1,0
23351,1,0
161912,0,0
115496,0,0
15322,0,0
35079,1,0
78519,0,0
171240,1,0
84991,1,0
103771,1,0
6136,0,0
81899,1,0
105914,1,0
164118,1,0
529,1,0
417,1,0
132628,1,0
164364,0,0
100838,1,0
60813,0,0
122022,1,0
103887,1,0
54440,1,0
22104,0,-1
68400,1,0
43082,1,0
56229,0,0
198557,0,0
142150,0,0
149222,1,0
100947,0,0
22243,0,1
179912,1,0
170096,1,1
39180,1,0
159273,1,0
169550,0,-1
19785,1,0
199349,1,0
201679,1,0
184296,0,0
192382,1,0
94740,1,0
16554,1,0
187247,0,0
93779,1,0
107001,1,0
101030,0,0
143266,0,0
178916,1,0
101433,0,-1
139129,1,0
105895,0,0
127757,0,0
54437,0,0
51263,1,0
6020,1,0
92136,0,0
45311,1,0
12046,0,0
97917,1,1
186570,0,0
82799,1,0
18311,1,0
47494,1,0
32459,1,0
129802,1,0
142827,1,0
85745,0,1
24667,0,1
71714,1,0
176039,0,-1
192747,0,0
49522,0,1
89672,1,1
187244,0,1
20374,1,0
175643,0,0
23931,1,0
89127,1,0
11365,1,0
134782,0,0
106717,1,0
131967,1,1
93477,1,0
140309,1,0
48958,1,0
80427,1,0
202885,1,0
177879,1,0
113040,1,0
85283,1,0
181943,0,1
202279,1,0
61052,1,0
84231,1,0
90964,1,0
23224,1,0
137453,1,0
123103,1,0
112937,1,0
5330,0,0
37473,0,0
20885,1,0
10291,0,0
161711,1,0
106310,0,0
154977,1,0
68434,1,0
193462,0,0
110205,1,0
84046,1,0
41388,1,0
190414,1,0
65671,1,0
77161,1,0
41973,1,0
143854,1,0
31417,1,0
133413,1,0
164976,1,0
37314,1,0
97067,1,0
185406,1,1
203952,0,1
139513,0,1
70210,1,0
53854,1,0
57957,1,0
143273,1,0
55099,1,0
119746,1,0
71401,1,0
106543,0,0
151426,1,0
149942,0,1
123085,1,0
15474,1,0
94339,1,0
94413,0,1
100260,0,0
118473,1,0
19492,1,0
83378,1,0
141523,0,0
84934,1,0
13657,1,0
12702,1,0
80325,0,-1
35181,0,0
170882,1,0
1095,0,0
13841,1,0
79059,0,0
196766,1,0
85743,1,0
82582,1,0
121179,1,0
163907,1,0
79520,1,0
110568,0,1
91930,1,0
126472,1,0
205713,1,0
124558,0,0
42582,1,0
93151,0,0
17870,1,1
168134,0,0
204384,1,0
108192,0,0
197171,1,0
129630,1,1
2083,1,0
193089,1,0
26669,1,0
42930,1,0
25388,1,0
170461,1,0
167532,1,0
62408,1,0
163993,1,0
34678,0,0
63979,1,0
118468,1,0
140907,1,0
27404,1,0
15968,0,0
16803,1,0
106932,1,0
92189,1,0
193842,1,0
155187,1,0
129577,1,0
118904,1,0
155432,1,0
160538,1,0
80813,1,0
36664,0,0
202521,1,0
142186,0,1
32875,1,0
157078,1,0
191233,1,1
27281,1,0
31516,1,0
61777,1,0
84794,1,1
112121,1,0
38394,1,0
14663,1,0
192819,1,0
168006,0,1
6101,1,0
112327,1,0
73106,1,0
180351,0,0
151262,1,0
86396,1,0
143037,0,0
86750,1,0
69455,1,0
128198,1,0
133601,1,0
137624,1,0
4931,0,0
92020,1,0
47094,1,0
149424,1,0
88544,1,0
192672,1,0
47029,1,0
122333,1,0
25013,1,0
96813,0,0
41771,1,0
14934,1,0
45006,0,0
5692,0,1
38874,1,0
120786,0,0
133839,1,0
44016,1,0
16989,1,0
163222,1,0
83433,1,0
133937,1,0
53967,1,0
171018,1,0
74259,1,0
134989,1,0
104472,1,0
143697,1,0
86820,1,0
68206,1,0
136968,1,0
126241,1,0
170007,0,1
151223,1,0
97659,1,0
194042,1,0
174219,1,0
10535,1,0
145514,1,0
161994,1,0
57524,1,0
70691,1,0
10548,0,0
115896,1,0
171586,0,0
145596,1,0
11196,1,0
142567,1,0
174461,0,1
15302,1,0
157045,0,0
87834,1,0
17155,0,1
176640,1,0
29218,0,0
90548,1,0
94183,1,0
143196,1,0
112450,1,0
190310,1,0
156368,1,0
203166,0,0
86861,0,0
43629,1,0
4122,1,0
167156,1,0
194575,1,0
85780,0,0
150252,1,0
165596,1,0
21653,1,0
8703,1,0
117414,1,0
180454,0,1
101764,0,1
137295,1,0
39202,1,0
192056,1,0
41116,1,0
116303,1,0
173152,1,0
51432,1,0
108880,1,0
94588,1,0
201861,1,0
64589,1,0
102785,1,0
163333,0,0
86947,1,0
33197,0,0
79661,1,0
19043,1,0
111062,1,0
69599,0,0
11961,1,0
15380,1,0
73276,1,0
193784,1,0
110754,1,0
86584,1,0
117085,0,0
165796,1,0
100334,1,0
175167,1,0
116007,1,0
87144,1,0
73946,1,0
189557,1,0
109151,0,1
162967,1,0
142669,0,0
106796,1,0
165298,1,0
25925,1,0
41729,0,0
183638,1,0
45319,0,0
86178,1,0
114919,1,0
56929,1,0
72651,1,0
131529,0,1
12025,1,0
163791,0,0
41392,1,0
177518,0,0
196057,1,0
9160,1,0
33863,0,0
89412,1,0
199366,1,0
112305,1,0
23397,1,0
154197,1,0
5610,0,0
25768,0,0
34772,1,0
116938,0,0
51585,1,0
42764,1,0
195391,1,0
2011,1,0
158367,1,0
192398,0,0
34727,1,0
110101,1,0
54915,1,0
72537,1,0
70920,0,0
114455,1,0
155784,0,0
173144,0,0
202650,1,0
87534,1,0
14043,0,1
32950,1,0
62851,0,0
55370,0,1
155941,1,0
208,1,0
166534,0,-1
7543,0,-1
197263,1,0
141029,1,0
33308,1,0
117885,1,0
71077,1,0
202132,1,0
59708,1,0
200408,1,0
193876,1,0
190055,1,0
84242,1,0
117536,1,0
189157,1,0
158538,1,0
170693,1,0
32427,1,0
18201,0,1
176436,1,0
151689,1,0
94347,0,0
66,1,0
30154,1,0
151703,0,0
203121,1,0
18342,1,0
179033,1,0
127211,0,0
94410,1,0
42417,0,0
55209,1,0
151284,1,0
60698,1,0
174869,0,0
179131,0,0
187585,0,0
5436,0,0
38323,1,0
177663,1,0
1427,1,0
46059,0,1
96370,1,0
134946,0,0
45018,0,0
97415,0,-1
133470,1,0
166292,1,0
162480,1,0
124688,1,0
41253,1,0
136118,1,0
129266,0,1
91891,1,0
141661,1,0
15652,0,0
109638,1,1
179958,1,0
68145,1,0
124123,0,0
92082,1,0
112844,0,0
3428,0,0
147665,1,0
45631,0,0
171969,1,0
119076,1,0
169731,0,0
145555,1,0
138557,1,0
46735,1,0
150998,1,0
93855,1,0
6329,1,0
130009,0,0
168811,0,0
65664,1,0
188112,1,0
22028,1,0
50250,1,0
194935,1,0
54798,1,0
178034,1,0
175108,1,0
13073,1,0
181163,1,0
51656,1,0
106143,1,0
98678,1,0
58077,0,0
106879,0,0
21551,0,-1
65996,1,0
27772,0,0
181111,1,0
81477,1,0
166324,0,0
28586,1,0
142388,1,0
18633,0,0
161485,1,0
95441,1,0
58994,0,1
170482,1,0
150832,1,0
27042,1,0
202159,0,-1
200246,1,0
112802,1,0
181747,1,0
87117,1,0
49902,0,0
130181,1,0
88812,1,0
74970,1,0
29530,1,0
81547,1,0
90286,1,0
188776,0,0
121326,1,0
138433,1,0
204007,0,0
192962,1,0
197591,1,0
178590,1,0
17485,1,0
201593,1,0
62846,1,0
17551,1,0
16866,0,1
67706,1,0
17967,0,1
101845,0,0
5453,0,0
190732,1,0
63782,1,0
132065,1,0
182009,1,0
89573,1,0
183436,0,1
14817,0,0
135633,1,0
3683,1,0
140010,1,0
175903,1,0
193263,0,0
91370,1,0
41033,1,0
181754,0,0
155472,0,0
194995,1,0
202527,1,0
77725,1,0
154915,1,0
172786,1,0
130342,1,-1
103802,1,0
176638,0,1
108104,1,0
14416,1,0
45564,1,0
145454,0,1
99069,1,0
22852,1,0
11499,1,0
121569,1,0
134550,1,0
73418,0,0
189766,1,0
3243,1,0
91324,1,0
133918,1,0
58729,1,0
100364,1,0
86194,0,0
179715,0,0
32717,1,1
94499,0,1
127676,0,0
21936,1,0
77234,0,0
167363,1,0
183329,1,0
194440,1,1
31204,1,0
116965,1,0
194805,1,0
14357,1,0
126015,1,0
28830,1,0
41051,0,0
112588,0,0
38460,1,0
189282,1,0
28582,1,0
54543,1,0
63864,0,0
198559,1,0
59190,1,0
182327,1,0
135814,1,0
157346,1,0
9227,0,0
113281,1,0
54077,1,0
52961,1,0
159651,1,0
142288,1,0
53792,1,0
174534,0,0
56056,1,0
111357,1,0
58202,1,0
96053,0,0
119461,1,0
181127,1,0
30698,1,0
200898,1,0
71690,1,0
204721,0,0
199417,1,0
82831,1,0
44922,0,0
203251,0,1
56999,1,0
92979,1,0
8241,1,0
118107,0,0
201081,1,0
70979,1,0
151850,0,0
152103,1,0
48399,1,0
41106,1,0
39039,1,0
133565,1,0
14857,0,-1
78727,0,0
131981,0,1
59789,1,1
172088,0,1
9950,1,0
195738,1,0
152058,1,0
163831,1,0
13807,1,0
141720,0,0
26130,0,0
13354,1,0
85631,1,0
76272,0,1
194072,1,0
65154,1,0
32429,1,0
138698,1,0
118649,1,0
153869,1,0
201183,1,1
85644,1,0
194109,0,1
23663,0,0
104320,1,0
150691,1,0
8323,1,0
47890,1,1
186337,1,0
202432,0,0
133875,1,0
168938,1,0
163837,1,0
185032,1,0
72511,1,0
67266,1,0
165275,1,0
25347,0,1
98794,1,0
103211,1,0
10640,0,0
14448,1,0
105091,1,0
131371,1,0
59109,0,0
171109,0,1
75354,1,0
62304,1,0
158898,1,0
73698,1,0
203595,1,0
100407,1,0
167506,1,0
50041,1,0
73399,1,0
65159,1,0
142015,1,0
105463,0,0
31677,1,0
62249,0,0
177411,1,0
13349,0,1
111557,0,1
111744,1,0
62056,0,0
194499,1,0
143538,1,0
37913,1,0
23832,0,1
14872,1,0
183077,1,0
29471,1,0
108477,1,0
16226,0,1
117680,0,0
127049,1,0
34416,1,0
93647,1,0
183302,0,0
131880,1,0
97525,1,0
51061,1,0
173413,0,0
103642,1,0
155846,1,0
61508,1,0
39114,0,0
17582,1,0
15579,1,0
178060,1,0
145505,1,1
163606,1,0
90942,1,0
44313,0,0
196099,1,1
154699,1,0
168799,0,1
149937,1,0
128581,1,0
110835,0,0
83507,1,0
79626,0,0
167267,1,0
120897,1,1
189144,0,0
137623,1,0
97097,1,0
94412,0,1
37562,1,0
120121,1,0
148917,0,-1
132771,1,0
187743,1,0
171060,1,0
111381,1,0
34466,0,0
194044,0,0
44463,0,0
202773,1,0
85387,1,0
83709,1,0
121879,1,0
144499,1,0
23371,1,0
157339,1,0
4282,1,0
24659,1,0
93062,1,0
123143,1,0
198884,1,0
178824,0,0
163105,1,0
132863,0,0
132424,0,1
146018,0,0
170010,1,0
168853,0,0
6468,0,0
47358,1,0
183399,0,0
92111,1,1
97861,1,0
86619,1,0
167894,1,0
156876,1,0
36042,1,0
25508,1,0
16482,0,0
88275,1,0
90996,0,-1
151371,0,0
112553,0,0
5070,1,0
191302,1,0
159183,1,0
169912,0,0
41722,1,0
139167,1,0
89251,0,1
180796,1,0
202303,1,0
37019,0,0
145136,1,0
175023,0,0
205218,1,0
115993,1,0
66145,1,0
122352,0,-1
51172,1,0
16567,1,0
57158,1,0
42107,0,0
165317,0,0
118525,1,0
164822,1,0
80903,1,0
33704,0,0
190994,1,0
174412,0,0
76730,1,0
5303,0,0
378,1,0
47202,1,0
184735,0,0
171807,1,0
172096,1,0
8719,0,0
164437,0,0
78145,1,0
93759,1,0
202293,0,0
94713,0,0
101459,1,1
50299,0,0
38194,1,0
12906,0,1
92547,1,0
31145,0,0
189338,1,0
195613,1,0
202530,1,0
103486,0,0
103908,0,0
179269,0,0
98300,1,0
159956,0,0
13596,1,0
1642,1,0
39878,0,0
113618,1,0
143329,1,0
98464,1,0
154662,1,0
42806,1,0
149760,1,0
78034,1,1
1082,1,0
171756,1,0
10434,1,0
126209,1,0
166179,1,0
143213,0,0
120511,1,0
23378,0,1
148249,0,0
15608,0,0
149871,1,0
73493,1,0
22318,1,0
90295,0,0
79313,1,0
144816,1,0
35176,1,0
28725,0,0
175099,1,1
168197,0,0
69866,0,0
147709,1,0
149556,1,0
153571,0,0
168542,1,0
31787,1,0
108612,1,0
128987,1,0
161131,0,-1
132616,0,0
53243,0,0
137485,1,0
105758,1,0
151350,0,1
72027,1,0
61613,1,0
108577,1,0
180886,1,0
109658,1,0
103361,1,0
197060,1,0
175356,1,0
70040,1,0
63001,1,0
175306,1,0
52853,1,0
169199,1,0
66871,0,0
133177,0,0
58853,1,0
184771,1,0
181563,0,1
170028,1,0
116620,1,0
63903,1,0
154934,1,0
101495,1,0
176750,1,0
51880,1,0
151750,1,0
128164,1,0
103738,1,0
205147,1,0
45357,1,0
184119,1,0
65728,1,0
174133,0,1
50362,0,0
180419,1,0
188603,1,0
159446,0,0
96828,1,0
196314,1,0
172509,1,0
68580,1,0
9579,1,0
141075,1,0
171540,1,0
49373,0,0
112270,1,0
34340,1,-1
138696,1,0
11755,1,0
185128,0,1
181039,1,0
205729,0,1
79061,0,0
202867,1,0
8637,1,0
42825,1,0
137398,0,0
31816,1,0
164056,1,0
64681,1,0
55695,1,0
170634,1,0
24792,1,0
65153,1,0
34567,1,0
105319,1,1
11724,1,0
168565,1,0
161695,0,0
169352,1,0
121345,1,0
54769,1,1
168862,1,0
21163,1,0
85983,1,0
51228,1,0
142152,1,0
19918,0,1
164055,0,0
170325,1,0
197658,0,0
164395,1,0
182599,1,0
60407,1,0
142452,1,0
202282,1,0
156350,0,0
112429,1,0
2335,0,-1
109095,0,0
6103,1,0
56048,1,0
4067,1,0
169039,1,0
126751,1,1
25412,0,0
56419,1,0
160530,1,0
24272,1,0
181263,0,0
146044,0,1
42236,1,0
180544,1,0
9063,0,0
78190,1,0
75159,1,0
117967,1,0
81200,1,0
182586,1,0
27754,0,-1
119416,0,0
52814,0,1
4178,0,0
86920,1,0
160561,0,0
67050,1,0
68046,1,0
103873,1,1
111488,0,0
189025,0,0
103635,1,0
57494,0,0
183475,1,0
166118,1,0
57851,0,-1
159978,1,0
197673,1,0
60086,1,0
66646,0,0
93102,1,0
99054,1,0
62795,1,0
55441,1,1
35286,1,0
72073,1,0
160975,1,0
164962,1,0
51892,1,0
83907,1,0
16716,0,0
32581,1,0
155027,0,1
49563,1,0
46880,1,0
39142,1,0
119139,1,0
55754,0,0
143186,1,0
48024,1,0
192992,1,0
183991,1,0
193164,0,1
31120,0,0
136999,1,0
164271,1,0
18948,1,0
167901,1,0
79651,1,0
120233,1,0
45929,1,0
133567,1,0
190883,0,1
117995,1,0
54957,1,0
178860,0,0
58566,1,0
14264,0,0
149715,1,0
101099,1,0
74409,0,0
84259,1,0
23851,1,0
30382,1,0
120503,1,0
45040,1,0
16848,1,1
164469,1,0
75576,1,0
105434,1,0
114475,1,0
75890,1,0
3974,1,0
82847,1,0
26536,1,0
45587,0,1
148772,0,0
108635,1,0
161238,1,0
74660,1,0
115405,1,0
189234,1,0
141399,1,0
181137,1,0
423,1,0
84707,1,0
3651,1,0
84929,1,0
145680,1,0
124830,1,0
184048,1,0
2797,1,0
104686,0,1
78310,1,0
60721,1,0
19478,1,0
191343,1,0
94521,1,0
48477,0,0
176736,1,0
11523,0,0
99225,1,0
189500,1,0
33009,1,0
113742,1,0
99786,1,0
196875,1,0
172259,1,0
55509,1,0
173137,0,0
204159,1,0
193539,1,0
150553,1,0
47879,0,0
116698,0,0
158655,0,0
193971,1,0
52783,1,0
114666,1,0
83757,1,0
76646,1,1
185797,1,0
26665,1,0
148553,1,0
94820,1,0
118945,1,0
46940,1,0
56903,1,0
91942,1,0
141098,1,0
70122,1,0
23878,1,0
133788,1,0
53052,0,0
164732,1,0
7988,0,0
75628,0,1
123736,1,0
42964,1,0
1044,1,0
186559,0,0
174439,1,0
3947,1,0
55360,0,1
199634,0,0
112950,1,0
24719,1,0
76285,0,0
119136,0,0
126428,1,0
107809,1,0
48924,1,0
2547,1,0
149928,0,0
35798,1,0
203271,1,0
1271,0,0
68193,1,0
170039,1,0
77393,1,0
95160,0,1
110073,0,1
111177,0,0
16933,1,0
148040,1,0
71504,1,0
18393,1,0
5149,1,0
172925,1,0
79643,1,0
164070,1,0
88543,1,0
141106,1,0
171905,0,0
124300,1,0
144166,1,0
179960,1,0
80533,1,0
78167,1,0
205552,1,0
195148,1,0
140218,1,0
41703,0,0
116976,1,0
123245,1,1
78836,0,0
2055,1,0
101396,0,0
3963,0,0
68013,1,0
108665,1,0
161298,1,0
4544,0,0
200688,1,0
8100,1,0
6739,1,0
172610,1,0
65104,1,0
53907,1,0
120494,1,0
50889,1,0
68533,1,1
145688,1,0
134195,1,0
35058,1,0
96108,1,0
107541,1,0
73268,1,0
36299,1,0
102272,1,0
57123,1,0
67583,0,0
161556,0,0
185247,0,0
201612,1,0
189365,0,0
176605,1,0
103979,1,0
156940,1,0
145563,1,0
178667,0,0
113703,1,0
70256,0,0
102296,1,0
139103,0,0
17323,1,0
146711,1,0
179687,0,0
125623,1,0
31384,1,0
172071,1,0
30650,1,1
101831,1,0
189762,1,0
128767,1,0
203589,0,0
136230,1,0
145164,0,0
117483,1,0
170892,1,0
198806,1,0
184705,1,0
155159,0,0
175817,1,0
167717,1,0
81979,1,0
25122,1,0
178380,1,0
121765,1,0
119910,1,0
111327,0,0
105695,0,0
26564,1,0
101903,1,0
119186,1,0
80583,1,0
148916,1,1
134635,1,0
73700,0,0
117705,1,0
131634,1,0
174617,1,0
105089,1,0
94260,1,0
149009,1,0
139409,1,0
30548,0,0
74226,1,0
96952,0,0
76678,0,0
161856,0,0
152903,1,0
161508,1,0
163278,0,0
118135,0,0
144561,0,0
16869,0,0
105719,1,0
141603,1,0
152590,1,0
91049,1,0
94859,1,0
199803,1,0
41099,1,0
151514,1,1
44475,1,0
153907,1,0
104186,1,0
18491,0,-1
145354,1,0
183519,1,1
114503,1,0
76795,1,0
23023,0,0
203287,0,0
205650,0,0
86350,1,0
86804,1,1
67155,0,1
115396,1,0
176261,1,0
200041,1,0
122962,1,0
189925,1,0
166399,1,0
92123,1,0
93519,0,-1
63585,0,0
134740,1,0
75090,1,0
184235,1,0
37738,1,0
111308,1,0
81344,1,0
166434,0,0
48096,0,0
114908,1,0
164847,1,0
180719,1,0
17964,0,1
53533,1,0
117587,1,0
45297,1,0
196224,0,-1
17783,1,0
192756,0,0
98563,1,0
20300,1,1
94988,0,0
116891,1,0
101735,0,1
158497,1,0
162397,1,0
96520,1,0
158225,1,0
19229,0,0
175323,0,0
8405,1,0
178966,0,1
67913,0,1
90184,0,0
88217,1,0
4484,1,0
122429,0,1
29298,1,0
113433,1,0
178914,1,0
127272,1,0
189565,1,0
73477,0,0
22758,1,0
179477,1,0
23033,1,0
108839,1,0
92857,1,0
48267,1,0
166817,1,0
68923,1,1
69556,0,0
133531,0,0
9493,1,0
31982,1,0
139412,1,0
171075,1,0
93881,1,0
103470,1,0
46511,1,0
117920,1,0
56979,1,0
124211,1,0
153866,1,0
203360,1,1
129080,0,0
25902,0,0
68999,1,0
202304,1,1
183532,0,0
181472,1,0
95601,1,0
34383,1,0
46152,1,0
157667,1,0
176906,0,0
3351,1,0
172204,0,0
41008,1,0
152100,1,0
146991,0,0
42080,1,0
156531,1,0
98925,1,0
117323,0,0
233,0,0
136558,1,0
145702,0,0
113202,1,0
99518,1,0
20835,1,0
47084,0,0
28088,1,0
113432,1,0
21560,0,0
204605,0,0
98781,1,0
107362,1,0
150647,1,0
26481,1,0
203958,1,0
189409,1,0
85310,1,0
148993,0,0
113656,1,0
59632,1,0
123169,1,0
88994,1,0
162093,1,0
95472,1,0
47015,1,0
189134,1,0
164657,0,-1
13721,1,0
138883,0,0
142801,1,0
102656,1,0
183568,1,0
182313,1,0
21959,0,-1
91397,1,0
19415,1,0
199951,1,0
5189,1,0
56041,0,0
191410,1,1
115312,1,0
110755,1,0
76174,1,0
857,0,0
87704,1,0
156235,1,0
82052,1,1
154787,1,0
189560,1,0
85161,1,0
59100,1,0
116929,1,0
58075,0,0
16181,0,0
162205,1,0
186945,1,0
172275,1,0
131726,0,0
136446,0,0
20463,1,0
191672,0,-1
824,1,0
35169,1,0
53982,0,0
101319,1,0
137889,1,0
6990,1,0
21574,1,0
92428,1,0
89785,1,0
167610,1,0
124566,0,0
123202,1,0
151854,1,0
123453,1,0
35692,1,0
191886,1,1
74165,0,0
146678,1,0
177855,1,0
134790,1,0
185777,0,0
53741,0,0
47496,0,0
4612,1,0
170261,1,0
159648,1,0
64304,1,1
18011,1,0
17752,1,0
131905,0,0
141525,1,1
2022,1,0
32686,1,0
36502,1,0
201980,1,0
66603,0,0
155992,0,0
90266,1,0
114001,1,0
179528,0,1
54607,0,1
121645,0,0
15501,0,0
136300,1,0
7562,1,1
113706,1,0
153724,0,0
181774,0,0
158490,1,0
110991,0,0
155229,1,0
96385,0,0
166681,1,0
8677,1,0
8089,1,1
45803,0,0
170119,1,0
157006,0,0
25041,1,0
34701,1,1
96849,0,0
6517,0,0
101198,1,0
60019,1,1
42206,0,1
16573,1,0
202359,1,0
140332,1,0
176959,1,0
15700,1,0
10830,0,0
148240,1,0
107844,1,0
165547,1,0
64658,0,0
125693,0,0
74217,1,0
115786,1,1
37442,1,0
107575,1,0
83500,1,0
176977,1,0
142434,1,0
85900,0,0
120585,1,0
160804,0,0
151528,1,0
91565,1,0
148136,1,0
111987,1,0
161788,1,1
54844,0,1
53600,1,0
183663,1,0
128876,1,0
66594,1,0
201962,1,0
162640,1,0
37809,1,0
61839,1,0
184723,1,0
202255,1,0
174147,1,0
203720,0,0
151126,0,1
107019,1,0
76824,1,0
17926,1,0
67104,1,0
143447,0,0
90618,1,0
80878,0,0
83608,1,0
68905,1,0
178979,1,0
30418,0,0
147879,1,0
87810,1,0
58645,1,0
162075,0,0
139326,1,0
129488,0,1
19468,1,1
152360,1,0
20513,1,0
8794,1,0
9479,0,1
68198,1,0
200502,1,0
183569,0,0
37384,1,0
88541,0,0
108198,1,0
171305,1,0
204630,1,0
165411,1,0
94535,0,0
187305,1,0
40177,1,1
57218,0,1
66449,1,0
105375,1,0
149231,0,0
28921,1,0
20796,1,0
55133,1,0
87962,1,0
181406,0,0
121943,0,0
51763,1,0
94998,0,1
124762,0,1
46050,1,0
202059,0,0
156431,0,0
138431,1,0
51162,1,0
38411,1,0
83602,0,0
99237,1,0
41587,0,0
126154,0,0
19464,1,0
83241,1,0
107182,1,0
40018,0,0
190673,1,0
127378,1,0
109592,0,0
149504,1,0
139516,1,0
52662,1,0
38720,1,0
382,1,0
5788,1,0
65279,1,0
1623,1,1
53103,1,0
76234,1,0
146639,1,0
205695,1,0
196665,1,0
159053,1,0
197356,1,0
81665,1,0
140437,1,0
22270,1,0
63516,1,0
114527,1,0
193549,1,0
126054,1,0
156133,0,0
62780,1,0
41126,1,0
24914,1,0
88973,1,0
17521,1,0
50193,1,0
89433,1,0
68826,1,0
174861,1,0
134651,1,0
102989,1,0
61191,1,0
70774,0,0
65467,1,0
112743,1,0
87530,1,0
153981,0,0
119091,1,0
157026,1,0
31486,1,0
4433,1,0
21946,0,0
123460,0,0
114963,0,0
147105,1,0
194974,1,0
3680,1,0
22488,1,0
56472,1,0
4652,1,0
128169,1,0
189831,1,0
38569,1,0
119134,1,0
6697,0,0
210,0,0
139718,0,0
104773,1,0
100634,1,0
34637,0,0
45035,1,0
3646,1,0
16456,1,0
14260,1,0
72973,1,0
134385,1,0
157392,0,0
61638,0,1
28542,1,0
84657,1,0
92699,0,0
188031,1,0
23974,1,0
7717,1,0
21854,0,0
55651,0,0
161486,1,0
43860,1,0
179895,0,-1
135683,1,0
12533,1,0
166808,1,0
21343,1,0
89470,1,0
7105,1,0
2880,1,0
27295,0,1
184091,1,0
7663,1,0
194031,0,0
148774,1,0
175732,1,0
95703,1,0
25351,1,0
105539,1,0
195916,1,0
938,1,0
71205,0,0
13346,1,0
56994,1,0
171067,0,0
179340,1,0
21237,1,0
55339,1,0
179163,1,0
154465,0,0
128799,0,1
170829,0,0
183267,1,0
141369,0,0
23379,1,0
193977,0,-1
150840,1,0
47717,1,0
205691,1,0
33627,1,0
174700,1,0
64574,1,0
83455,1,0
126887,1,0
12190,1,0
163794,1,0
32324,1,0
171441,0,0
195543,1,0
80276,0,0
162402,1,0
10632,1,0
114685,0,0
147274,1,0
175003,1,0
201818,1,0
102599,1,0
176869,0,0
37853,0,0
161826,1,0
204863,1,0
118934,1,0
4218,0,1
192010,1,0
90460,1,0
120319,0,0
73686,0,-1
13018,1,0
166270,0,0
106321,0,1
183546,1,0
49211,1,0
91890,0,0
119870,1,0
123689,1,0
167628,0,0
22530,0,0
29561,0,1
193700,1,0
66039,1,0
116296,1,0
125464,1,0
163515,1,0
2184,1,0
159243,1,0
141985,1,0
118868,1,0
190301,1,0
167155,1,0
71149,1,0
162681,1,0
70577,1,0
109817,1,0
98909,1,0
187400,1,0
171019,1,0
6537,1,0
64024,1,0
92509,1,0
78905,1,0
11566,1,0
96842,0,0
44705,1,0
201221,1,0
89422,1,0
5970,1,0
143373,1,1
169314,0,0
80644,0,0
189696,1,0
56081,1,0
